{
	"namespace": "server_form",
	"main_screen_content": {
    "size": [ "100%", "100%" ]
  },

  "main_screen_content/server_form_factory": {
    "control_ids": {
      "custom_form": "@server_form.custom_form_switch"
    }
  },
	"long_form": {
		"type": "panel",
		"controls": [
			{
				"long_form@common_dialogs.main_panel_no_buttons": {
					"$title_panel": "common_dialogs.standard_title_label",
					"$title_size": [
						"100% - 14px",
						10
					],
					"size": [
						225,
						200
					],
					"$text_name": "#title_text",
					"$title_text_binding_type": "none",
					"$child_control": "server_form.long_form_panel",
					"layer": 2,
					"bindings": [
						{
							"binding_name": "#title_text"
						},
						{
							"binding_type": "view",
							"source_property_name": "(((#title_text - '§c§h§e§s§t') = #title_text) and ((#title_text - '§t§r§a§d§e') = #title_text))",
							"target_property_name": "#visible"
						}
					]
				}
			},
			{
				"chest_ui@chest_ui.chest_panel": {
					"layer": 2,
					"bindings": [
						{
							"binding_name": "#title_text"
						},
						{
							"binding_type": "view",
							"source_property_name": "(not ((#title_text - '§c§h§e§s§t') = #title_text))",
							"target_property_name": "#visible"
						}
					]
				}
			},
			{
				"trade_form@trade_form.chest_panel": {
					"layer": 2,
					"bindings": [
						{
							"binding_name": "#title_text"
						},
						{
							"binding_type": "view",
							"source_property_name": "(not ((#title_text - '§t§r§a§d§e') = #title_text))",
							"target_property_name": "#visible"
						}
					]
				}
			}
		]
	},

  "custom_form_switch": {
    "type": "panel",
    "size": [ "100%", "100%" ],
    "$flag_form_title": "JavaScript REPL",
    "controls": [
      {
        "custom_form@server_form.custom_form": {
          "bindings": [
            {
              "binding_name": "#title_text",
              "binding_type": "global"
            },
            {
              "binding_type": "view",
              "source_property_name": "(#title_text - $flag_form_title = #title_text)",
              "target_property_name": "#visible"
            }
          ]
        }
      },
      {
        "custom_multiline_form@server_form.custom_multiline_form": {
          "bindings": [
            {
              "binding_name": "#title_text",
              "binding_type": "global"
            },
            {
              "binding_type": "view",
              "source_property_name": "(not (#title_text - $flag_form_title = #title_text))",
              "target_property_name": "#visible"
            }
          ]
        }
      }
    ]
  },

  "custom_multiline_form@common_dialogs.main_panel_no_buttons": {
    "$title_panel": "common_dialogs.standard_title_label",
    "$title_size": [ "100% - 14px", 10 ],
    "size": [ "90% - 16px", "100% - 31px" ],
    "$text_name": "#title_text",
    "$title_text_binding_type": "none",
    "$child_control": "server_form.custom_multiline_form_panel",
    "layer": 2
  },

  "custom_multiline_form_panel" : {
    "type": "stack_panel",
    "orientation": "vertical",
    "anchor_to": "top_left",
    "anchor_from": "top_left",
    "size": [ "100%", "100%" ],
    "controls": [
      {
        "generated_contents": {
          "type": "stack_panel",
          "size": ["100%", "fill"],
          "orientation": "vertical",
          "anchor_from": "top_left",
          "anchor_to": "top_left",
      
          "factory":{
            "name": "buttons",
            "control_ids": {
              "label": "@server_form.custom_label",
              "toggle": "@server_form.custom_toggle",
              "slider": "@server_form.custom_slider",
              "step_slider": "@server_form.custom_step_slider",
              "dropdown": "@server_form.custom_dropdown",
              "input": "@server_form.custom_multiline_input"
            }
          },
      
          "collection_name": "custom_form",
          "bindings": [
            {
              "binding_name": "#custom_form_length",
              "binding_name_override": "#collection_length"
            }
          ]
        }
      },
      {
        "submit_button@common_buttons.light_text_button": {
          "$pressed_button_name": "button.submit_custom_form",
          "anchor_from": "top_left",
          "anchor_to": "top_left",
          "size": ["100%", 32],
          "$button_text": "gui.submit",

          "bindings": [
            {
              "binding_name": "#submit_button_visible",
              "binding_name_override": "#visible"
            }
          ]
        }
      }
    ]
  },

  "custom_multiline_input@server_form.option_multiline_text_edit": {
    "$option_label": "#custom_text",
    "$option_place_holder_text": "#custom_placeholder_text",
    "$text_edit_box_placeholder_content_binding_name": "$option_place_holder_text",
    "$text_edit_box_placeholder_content_binding_type": "collection",
    "$text_edit_box_grid_collection_name": "custom_form",
    "anchor_from": "top_left",
    "anchor_to":"top_left",

    "$max_text_edit_length": 32767,
    "size": [ "100%", "100%" ],

    "$text_edit_box_content_binding_type": "collection",
    "$text_edit_box_content_binding_name": "#custom_input_text",

    "$option_binding_name": "#custom_input_text",
    "$text_box_enabled_binding_name": "#custom_input_enabled",
    "$text_box_name": "custom_input",
    "$label_bindings": [
      {
        "binding_name": "#custom_text",
        "binding_type": "collection",
        "binding_collection_name": "custom_form"
      }
    ]
  },

  "option_multiline_text_edit@settings_common.option_generic": {
    "$option_place_holder_text|default": "",
    "$max_text_edit_length|default": 30,
    "controls": [
      {
        "dialog_bubble": {
          "type": "image",
          "texture": "textures/ui/form_bubble",
          "size": [ "100%", "100%" ],
          "controls": [
            {
              "dialog_panel": {
                "type": "panel",
                "size": [ "100%", "100%" ],
                "$virtual_keyboard_buffer_control": "text_scroll",
                "controls": [
                  {
                    "text_scroll@common.scrolling_panel": {
                      "size": [ "100% - 10px", "100% - 11px" ],
                      "$always_handle_scrolling": true,
                      "$jump_to_bottom_on_update": true,
                      "$scrolling_content": "server_form.multiline_dialog_text_edit",
                      "$scroll_box_visible_touch": false,
                      "$show_background": false,
                      "$scroll_bar_left_padding_size": [ 0, 0 ],
                      "$scroll_bar_right_padding_size": [ 0, 0 ],
                      "$scroll_size": [ 5, "100%" ],
                      "$scroll_size_touch": "$scroll_size",
                      "offset": [ 0, -1 ]
                    }
                  }
                ]
              }
            }
          ]
        }
      }
    ]
  },

  "multiline_dialog_text_edit@npc_interact.multiline_text_edit_control": {
    "size": [ "100%", "100%cm" ],
    "anchor_from": "top_left",
    "anchor_to": "top_left",
    "$hide_hyphen": true,
    "$text_background_default": "common.empty_panel",
    "$text_background_hover": "common.empty_panel",
    "$text_box_text_color": "$dialog_text_color",
    "$color": "$dialog_text_color",
    "$disabled_alpha": 1,
    "max_length": "$max_text_edit_length",
    "constrain_to_rect": false,
    "$text_alpha": 1,
    "$locked_text_alpha": "$disabled_alpha",
    "$locked_color": "$color",
    "$text_edit_box_content_binding_name": "$option_binding_name",
    "$text_edit_box_binding_collection_name": "$option_binding_name",
    "$text_edit_box_binding_type": "global",
    "$text_box_enabled_binding_name": "$option_enabled_binding_name",
    "enabled": "$enabled",
    "$place_holder_text": "$option_place_holder_text",
    "$text_box_tts_header": "$option_label",
    "$tts_override_control_value|default": " ",
    "tts_override_control_value": "$tts_override_control_value",

    "variables": [
      {
        "requires": "(not $option_enabled_binding_name or not $enabled)",
        "$text_box_enabled_binding_name": "#not_data_bound",
        "$text_edit_box_enabled_binding_type": "none"
      }
    ],
    "bindings": [
    ],
    "locked_control": "background",
    "default_control": "background",
    "hover_control": "background",
    "pressed_control": "background",
    "text_control": "label",
    "place_holder_control": "place_holder",
    "controls": [
      {
        "label@common.text_edit_box_label": {
          "layer": 1,
          "size": [ "100%", "default" ],
          "anchor_from": "top_left",
          "anchor_to": "top_left"
        }
      },
      {
        "visibility_panel": {
          "type": "panel",
          "size": [ "100%", "100%c" ],
          "anchor_from": "top_left",
          "anchor_to": "top_left",
          "controls": [
            {
              "place_holder@common.text_edit_box_place_holder_label": {
                "layer": 1,
                "size": [ "100%", "default" ],
                "anchor_from": "top_left",
                "anchor_to": "top_left"
              }
            }
          ],

          "bindings": [
            {
              "binding_type": "view",
              "source_control_name": "label",
              "source_property_name": "(#item_name = '')",
              "target_property_name": "#visible",
              "resolve_sibling_scope": true
            }
          ]
        }
      },
      { "background@common.empty_panel": { "size": [ "100%", "100%sm" ] } }
    ]
  }
}